<_templates Include="trucks">
	<TruckTire>
		<Mudtires _template="Superheavy">
			<WheelTracks _template="Offroad" />
			<WheelSoftness _template="Average" SoftForceScale="0.18"/>
			<WheelFriction
				_template="HeavyMudtires"
				BodyFriction="2"
				BodyFrictionAsphalt="0.3"
				SubstanceFriction="3.35"
			/>
		</Mudtires>
	</TruckTire>
</_templates>
<TruckWheels DamageCapacity="150" Radius="1" Width="0.8">
	<TruckTires>
		<TruckTire _template="Mudtires" Mesh="wheels/tire_zikz_605r_1" Name="mudtires_zikz605r_1">
			<GameData
				Price="7500"
				UnlockByExploration="false"
				UnlockByRank="1"
			>
				<UiDesc UiDesc="UI_TIRE_MUDTIRES_DESC" UiName="UI_TIRE_SUPERHEAVY_MUDTIRES_ZIKZ612_NAME" />
			</GameData>
		</TruckTire>
	</TruckTires>
	<TruckRims>
		<TruckRim Mesh="wheels/rim_zikz_605r_1" Name="rim_1">
			<GameData>
				<UiDesc UiDesc="UI_RIM_SUPERHEAVY_MUDTIRES_ZIKZ605_DESC" UiName="UI_RIM_SUPERHEAVY_MUDTIRES_ZIKZ605_NAME" />
			</GameData>
		</TruckRim>
	</TruckRims>
</TruckWheels>
